{
  "blackswan": 0.2693931668966874,
  "bmx-trees": 0.059242879823607764,
  "breakdance": 0.1296509124092539,
  "camel": 0.2629857396836383,
  "car-roundabout": 0.33773110963913355,
  "car-shadow": 0.33035327901292366,
  "cows": 0.31440914967507727,
  "dance-twirl": 0.13831331189013515,
  "dog": 0.206826266265116,
  "drift-chicane": 0.049569865115607244,
  "drift-straight": 0.322933301603997,
  "goat": 0.5721690048253169,
  "horsejump-high": 0.2845620045027484,
  "kite-surf": 0.036399885873645885,
  "libby": 0.3828783723600718,
  "motocross-jump": 0.4495534526581298,
  "paragliding-launch": 0.09979867181464076,
  "parkour": 0.41796520131835835,
  "scooter-black": 0.22044539135268212,
  "soapbox": 0.35091647314652696,
  "t mIoU": 0.26180487199336494
}