{
  "blackswan": 0.17596363757988148,
  "bmx-trees": 0.028233102393659105,
  "breakdance": 0.112702567971416,
  "camel": 0.14999765933020612,
  "car-roundabout": 0.2115219454724588,
  "car-shadow": 0.07854196546829757,
  "cows": 0.2138031791506943,
  "dance-twirl": 0.14261446816761855,
  "dog": 0.1299796854481507,
  "drift-chicane": 0.1032217325692039,
  "drift-straight": 0.009578764603618535,
  "goat": 0.13442646245188475,
  "horsejump-high": 0.07865179198993767,
  "kite-surf": 0.03453598053921354,
  "libby": 0.08078891533581616,
  "motocross-jump": 0.27006347764874444,
  "paragliding-launch": 0.06902851963245385,
  "parkour": 0.08340072136344256,
  "scooter-black": 0.2270119376240031,
  "soapbox": 0.15303442647822527,
  "t mIoU": 0.12435504706094631
}