{
  "blackswan": 0.8092540755275378,
  "bmx-trees": 0.35353478766499496,
  "breakdance": 0.30089005694447496,
  "camel": 0.6197362055530669,
  "car-roundabout": 0.8780787867784509,
  "car-shadow": 0.8095620685618462,
  "cows": 0.7907018190640023,
  "dance-twirl": 0.5279549963974398,
  "dog": 0.8020532725241424,
  "drift-chicane": 0.020547805775026875,
  "drift-straight": 0.68222876073293,
  "goat": 0.7248531497202176,
  "horsejump-high": 0.6555181238749808,
  "kite-surf": 0.15780593414516786,
  "libby": 0.46522666926555756,
  "motocross-jump": 0.770454588858293,
  "paragliding-launch": 0.538908084618377,
  "parkour": 0.6855660197033642,
  "scooter-black": 0.5746076526976371,
  "soapbox": 0.7392546774307244,
  "t mIoU": 0.5953368767919116
}