{
  "blackswan": 0.09883719437263705,
  "bmx-trees": 0.019498095953743,
  "breakdance": 0.09079077389950381,
  "camel": 0.12143241470004917,
  "car-roundabout": 0.14258215500258162,
  "car-shadow": 0.06360288026320772,
  "cows": 0.11847715507306271,
  "dance-twirl": 0.09021621357163322,
  "dog": 0.12382900902825003,
  "drift-chicane": 0.019197451035450057,
  "drift-straight": 0.10066866145056362,
  "goat": 0.06819514564869572,
  "horsejump-high": 0.044859287371476084,
  "kite-surf": 0.02178894410378467,
  "libby": 0.031234533656453754,
  "motocross-jump": 0.21731120059922387,
  "paragliding-launch": 0.04506164505409615,
  "parkour": 0.043068202717007224,
  "scooter-black": 0.0855700359650528,
  "soapbox": 0.12795233404579962,
  "t mIoU": 0.0837086666756136
}